relative_path,size_bytes,sha256
data/parquet/candidate_registry.parquet,5628,1821e747e83f2a089efa5911fed36e90680ed02fa8ee810daa01a2f8a00c2d1b
data/parquet/competition_edges.parquet,191939,a4ada8584366f1fbfcd46b7e9d346455afef1b00e44c1fd8871774cd68fd6f05
data/parquet/derivations.parquet,20199,682cc9cba4c42949a608e99d09e645a0b497a4d0d6bacafb66a435834dda0083
data/parquet/derived_products.parquet,10071,25efbc3eb2c771eec891c3e444ab49b35a941603fd81b0343f4b5a388bbdccef
data/parquet/exclusions.parquet,5540,cab2935be1cf374c56f5533a7e95e875ee122a57d65d01b549dffbaf38d143ca
data/parquet/file_manifest.parquet,16206,7d5ca4cd9552a86cd1f6afc3f3e4f9fa1513f952d092458b1c9f12d267e53d6f
data/parquet/interactions.parquet,3065743,05f26356ab39373e9b45eff4207970eab19edefe79babf6de0206c3a2df2990e
data/parquet/manual_review_queue.parquet,3701,eb0920d3206b3025e707d5444b3e9199fa6ef1d9fcfb1b8cb1108cc61039a8fd
data/parquet/network_metrics.parquet,13800,9f2898e3b0b5c2f0988e3ba5219d6161e050938a415426800f20de39405076aa
data/parquet/networks.parquet,34939,eef853331f46223d2f285e751480c33fc32d652127e7d2933925560a2e574060
data/parquet/qa_results.parquet,11579,49fa85dfee1bda5a76c7861e166be03c348b69e173b6bfcaf1a473bfadacf69b
data/parquet/sampling_events.parquet,17090,7d28e16029b4e851ee54214fce9f8574031f137f5d2d38de269c88256c9a67a2
data/parquet/search_registry.parquet,7121,1d1dc0ea882e334e30d0c263acdb27b56ba9fa21cb07b8faed5b8720a63a1255
data/parquet/sources.parquet,18861,15bfb860353eb9636dd95074ff8b366fea263e6c4fd43ce29e73010a825b00ed
data/parquet/studies.parquet,8523,a787d0c5615c080c5be01db1ef12f164a6201bb84156a1365daa0940ed490c67
data/parquet/taxa.parquet,196065,837c91e6978a89c357426d8eef6da7fa4a5e94a54fd3f8015524231149442bcc
data/parquet/taxonomy_map.parquet,140849,5b2cc18315aed53c4302a33f7564b3ea5ff0cfb31faaa45ef198ad06193deca4
metadata/build_summary.json,1851,ff45753bc1f87b6b9f18092ad88deb404d3eb08c435e60f20f4bce6af4ee9aeb
metadata/datapackage.json,4327,426740d62eb34fbffdbfe12e7b22924d3df27572ca08d6336fa3f71075adb802
metadata/eml-draft.xml,207209,c28c388969fe0636c70fef87cba74f274f57079f25410a985ad96f81c1179b43
metadata/entity_manifest.csv,3422,a968a7fe2d1a1d1af094f36916ca596fd14cd0ec85f9c29268723f11d6a8df9a
metadata/submission_readiness.json,2788,dabf4ad7cd25311e67079223e8e747817e4f0658a96ae384314cb0ff0387be1e
