entity_name,filename,relative_path,size_bytes,row_count,md5,sha256,delivery_mode,manual_upload_eligible,public_url
candidate_registry,candidate_registry.csv,tables/csv/candidate_registry.csv,5495,24,fcb2edf425ffaaddcb16b87dbd16d86c,cdafae8bbf26398dc485013831b2aaab9f3ead4c36b304e7712ec182b71eef13,manual_portal_upload,True,
competition_edges,competition_edges.csv,tables/csv/competition_edges.csv,11322873,94631,01e7f6c33278a6719696ab7f10eb6053,c2aba24e864fd1103c51b9732292a4bc8398a3e52002b567293b5597c705cfe2,manual_portal_upload,True,
derivations,derivations.csv,tables/csv/derivations.csv,495238,1038,2206abbfe84451fee2356c1e3e3d5098,8825e828df9774e80f6978ee04f735ea89580eb7535cd2d0628ba877895e32b6,manual_portal_upload,True,
derived_products,derived_products.csv,tables/csv/derived_products.csv,7639,10,47b22883fbe9d50a22cfb850ebfceca2,112ed270fd9dbb52ec05335662989e3980ebd992b49d352dd3797ba573a85bd8,manual_portal_upload,True,
exclusions,exclusions.csv,tables/csv/exclusions.csv,4108,9,c562df925f10ab71c583339c4b4cd967,e9a0361ca83ef023b02d4e54a7952ecbef40bc2d5c47356429ca75790e561a01,manual_portal_upload,True,
file_manifest,file_manifest.csv,tables/csv/file_manifest.csv,39181,86,d687e8c11e74d36330a14e8f1d12bdec,7c302e3674605fe935e83d2d0f466d737a39fafa44b808581bd45408960496f1,manual_portal_upload,True,
interactions,interactions.csv,tables/csv/interactions.csv,324509052,848907,5b58d43c852328139a8c804e1c2a70ab,f2d9ab988085e9b2331926957cfa58c5419688dd2ab831b39c3fafd83fa760ed,manual_portal_upload,True,
manual_review_queue,manual_review_queue.csv,tables/csv/manual_review_queue.csv,5049,19,96551eb4ff1161825d2bd5f80c20bd2f,b9502e3c91a1c6fcb4b84b2b3c1fda45b90d2da7b82cff36b2633be00421d686,manual_portal_upload,True,
network_metrics,network_metrics.csv,tables/csv/network_metrics.csv,30506,346,edd0f723b80cc389a5a27afd39d72073,a5d3c2a8a1876b081573874602ddcfcd0d9b68d11852ee1f60a22a2ff9594bb4,manual_portal_upload,True,
networks,networks.csv,tables/csv/networks.csv,199203,346,1cf74ed9d451d9c93f659da2e281f05a,52bddb2821d8ca7e5366d312be8c72e5c58f9e87f49c5fe09a8c877f54ffc000,manual_portal_upload,True,
qa_results,qa_results.csv,tables/csv/qa_results.csv,163889,725,5d8182e16eccaf467a1b048fc3dd987a,b980d51b42d270f72c00c3146cb871f7134ecec0cbcf9c4ff6a7228fe62c342c,manual_portal_upload,True,
sampling_events,sampling_events.csv,tables/csv/sampling_events.csv,180606,346,1233bdbd2b120628c3ed6a96239c80da,ccdfda50d1662bc54d633090bb583b1cc77dcf3ef3bd529728f940784903b360,manual_portal_upload,True,
search_registry,search_registry.csv,tables/csv/search_registry.csv,10345,40,f5eb3fef211eeffb78a896bdfb6f5ac0,986f5aeda357ba07ceb0347e10d55d51600b438cc3d5cc28b71cc7ae8c1711eb,manual_portal_upload,True,
sources,sources.csv,tables/csv/sources.csv,17351,13,c69484fa631680d1480947fa231ef56e,b3f4ef2064b05962e9b93118e2c35fc151bac6b8fb05b5d4a7ee44d8b086d99c,manual_portal_upload,True,
studies,studies.csv,tables/csv/studies.csv,5815,10,44bdca5f6be90631ab2713cf92d19d6e,98a5d691c2ccca888361ba7e5c0d9c04abaefe9a37d99b25dd15dd21ddfac736,manual_portal_upload,True,
taxa,taxa.csv,tables/csv/taxa.csv,6454187,33812,2932c72fb1154faca94d73f563144c05,f46c9a07902aa57d412da756b5b8d89b614fd2ee935261b22280dca934ac5ba0,manual_portal_upload,True,
taxonomy_map,taxonomy_map.csv,tables/csv/taxonomy_map.csv,3607497,33812,784f9eec95a1b86415f44f5ec4230c46,ef90aaca46e78d7d8721e189ea6f495babc03d747f8c40f85967bdbef3a173eb,manual_portal_upload,True,
