ledger_key,study_id,source_id,network_id,evidence_class,release_layer,selection_rule,network_boundary,raw_object_path,source_file_or_member,source_normalized_matrix,binary_matrix,plant_count,herbivore_count,positive_links,source_value_sum,canonical_edge_hash,current_status,reviewer,review_date,review_checklist,notes
bosc_2021_aug2015_site01_quadrat10,bosc_2021_succession,bosc_2021_succession,bosc_2021_aug2015_site01_quadrat10,E2,R3,two deterministic parser stress tests: minimum and maximum positive-link counts within study,"site 1, quadrat 10, Jonkershoek valley x Aug 2015 x post-fire fynbos x vegetation collection protocol",data/empirical/raw/bosc_2021_succession/HerbPltInteractionMatrices_2015_2016.zip,HerbPltInteractionMatrices_2015_2016/InteractionMatrices_5mx5mquadrats/1_5x5_Aug2015/HerbPlt5x5Aug2015_1-10.csv,layers/R1/source_normalized_matrices/bosc_2021_succession/bosc_2021_aug2015_site01_quadrat10.csv,layers/R3/binary_matrices/bosc_2021_aug2015_site01_quadrat10.csv,6,5,10,27,1f22826efdd71a9c70505496e5fbe3f6864bf5006271f0b57a074dc3e7ead0ba,pending,,,verify source orientation; compare row and column taxa; compare positive-cell count and values; confirm blank/zero handling; confirm ecology boundary; recompute or spot-check the canonical edge hash,
bosc_2021_dec2016_valley,bosc_2021_succession,bosc_2021_succession,bosc_2021_dec2016_valley,E2,R3,two deterministic parser stress tests: minimum and maximum positive-link counts within study,Jonkershoek valley x Dec 2016 x post-fire fynbos x vegetation collection protocol,data/empirical/raw/bosc_2021_succession/HerbPltInteractionMatrices_2015_2016.zip,HerbPltInteractionMatrices_2015_2016/InteractionMatrices_WholeValley/4_HerbPltDec2016.csv,layers/R1/source_normalized_matrices/bosc_2021_succession/bosc_2021_dec2016_valley.csv,layers/R3/binary_matrices/bosc_2021_dec2016_valley.csv,69,217,1104,3397,03b137ecfc79998732d8bcb86b6cc0db9e1e58f9f850f629be93db8763975f41,pending,,,verify source orientation; compare row and column taxa; compare positive-cell count and values; confirm blank/zero handling; confirm ecology boundary; recompute or spot-check the canonical edge hash,
lascaleia_2026_lfs_2019,lascaleia_2026_new_england,lascaleia_2026_new_england,lascaleia_2026_lfs_2019,E2,R3,two deterministic parser stress tests: minimum and maximum positive-link counts within study,forest patch LFS x June 2019 x secondary forest core x standardized branch-strike protocol,data/empirical/raw/lascaleia_2026_new_england/repositoryForDryad.zip,repositoryForDryad.zip::repositoryForDryad/data/raw/CaterpillarSurveysAllYears-v1_2.csv,layers/R1/source_normalized_matrices/lascaleia_2026_new_england/lascaleia_2026_lfs_2019.csv,layers/R3/binary_matrices/lascaleia_2026_lfs_2019.csv,17,31,68,185,f382727fe0e55e0024aa85acb843af26a4a8f3d875d25c4dc1da84020bba5a18,pending,,,verify source orientation; compare row and column taxa; compare positive-cell count and values; confirm blank/zero handling; confirm ecology boundary; recompute or spot-check the canonical edge hash,
lascaleia_2026_wss_2019,lascaleia_2026_new_england,lascaleia_2026_new_england,lascaleia_2026_wss_2019,E2,R3,two deterministic parser stress tests: minimum and maximum positive-link counts within study,forest patch WSS x June 2019 x secondary forest core x standardized branch-strike protocol,data/empirical/raw/lascaleia_2026_new_england/repositoryForDryad.zip,repositoryForDryad.zip::repositoryForDryad/data/raw/CaterpillarSurveysAllYears-v1_2.csv,layers/R1/source_normalized_matrices/lascaleia_2026_new_england/lascaleia_2026_wss_2019.csv,layers/R3/binary_matrices/lascaleia_2026_wss_2019.csv,6,0,0,0,e3b0c44298fc1c149afbf4c8996fb92427ae41e4649b934ca495991b7852b855,pending,,,verify source orientation; compare row and column taxa; compare positive-cell count and values; confirm blank/zero handling; confirm ecology boundary; recompute or spot-check the canonical edge hash,
martins_2020_site05_period02,martins_2020_cerrado,martins_2020_cerrado,martins_2020_site05_period02,E1,R2,two deterministic parser stress tests: minimum and maximum positive-link counts within study,site 05 x August-September 2004 x Cerrado remnant x flower-head rearing protocol,data/empirical/raw/martins_2020_cerrado/zenodo_record_4941372.zip,site05_period02.csv,layers/R1/source_normalized_matrices/martins_2020_cerrado/martins_2020_site05_period02.csv,layers/R2/binary_matrices/martins_2020_site05_period02.csv,2,3,3,5,d98748fb0a94e731aaba2d74ba38eb710173acf7b882f35d82a9b788006f71fa,pending,,,verify source orientation; compare row and column taxa; compare positive-cell count and values; confirm blank/zero handling; confirm ecology boundary; recompute or spot-check the canonical edge hash,
martins_2020_site08_period01,martins_2020_cerrado,martins_2020_cerrado,martins_2020_site08_period01,E1,R2,two deterministic parser stress tests: minimum and maximum positive-link counts within study,site 08 x April-May 2004 x Cerrado remnant x flower-head rearing protocol,data/empirical/raw/martins_2020_cerrado/zenodo_record_4941372.zip,site08_period01.csv,layers/R1/source_normalized_matrices/martins_2020_cerrado/martins_2020_site08_period01.csv,layers/R2/binary_matrices/martins_2020_site08_period01.csv,14,36,65,702,f140aa88d4d9e555750b0ee96b4059c32ac4a17b189cfa30ad660b9e92423621,pending,,,verify source orientation; compare row and column taxa; compare positive-cell count and values; confirm blank/zero handling; confirm ecology boundary; recompute or spot-check the canonical edge hash,
pocock_2012_norwood_aphids,pocock_2012_norwood,pocock_2012_norwood,pocock_2012_norwood_aphids,E0,R2,two deterministic parser stress tests: minimum and maximum positive-link counts within study,Norwood Farm x May-August 2008 x 10-habitat whole-farm organic agroecosystem x aphid protocol,data/empirical/raw/pocock_2012_norwood/norwood.csv,norwood.csv,layers/R1/source_normalized_matrices/pocock_2012_norwood/pocock_2012_norwood_aphids.csv,layers/R2/binary_matrices/pocock_2012_norwood_aphids.csv,30,28,39,372217783.79999995,1be2e4bb58f0a60ea830a90233154cdbc0d949ed2cff57e79c88d977fef63e0b,pending,,,verify source orientation; compare row and column taxa; compare positive-cell count and values; confirm blank/zero handling; confirm ecology boundary; recompute or spot-check the canonical edge hash,
pocock_2012_norwood_insect_seed_feeders,pocock_2012_norwood,pocock_2012_norwood,pocock_2012_norwood_insect_seed_feeders,E0,R2,two deterministic parser stress tests: minimum and maximum positive-link counts within study,Norwood Farm x August-December 2007 collection; emergence through 30 April 2008 x 10-habitat whole-farm organic agroecosystem x seed-feeding insect protocol,data/empirical/raw/pocock_2012_norwood/norwood.csv,norwood.csv,layers/R1/source_normalized_matrices/pocock_2012_norwood/pocock_2012_norwood_insect_seed_feeders.csv,layers/R2/binary_matrices/pocock_2012_norwood_insect_seed_feeders.csv,6,19,20,1651698.9000000001,f2b5f2d35ac13d57457261c7d2d0c67b422aeebc174ba68206f605e8d111e033,pending,,,verify source orientation; compare row and column taxa; compare positive-cell count and values; confirm blank/zero handling; confirm ecology boundary; recompute or spot-check the canonical edge hash,
redmond_2018_plot_f,redmond_2018_succession,redmond_2018_succession,redmond_2018_plot_f,E0,R2,two deterministic parser stress tests: minimum and maximum positive-link counts within study,plot F x one event during July 2010-November 2012 x young secondary forest x felling/feeding-trial protocol,data/empirical/raw/redmond_2018_succession/DATA_MATRICES.zip,F_YAW_AWOL.txt,layers/R1/source_normalized_matrices/redmond_2018_succession/redmond_2018_plot_f.csv,layers/R2/binary_matrices/redmond_2018_plot_f.csv,50,117,175,1810,4d5f1d05ca6facdb721f7bf77a446dc88ea0bc6b3758b85ddaeaeeca94f7947d,pending,,,verify source orientation; compare row and column taxa; compare positive-cell count and values; confirm blank/zero handling; confirm ecology boundary; recompute or spot-check the canonical edge hash,
redmond_2018_plot_h,redmond_2018_succession,redmond_2018_succession,redmond_2018_plot_h,E0,R2,two deterministic parser stress tests: minimum and maximum positive-link counts within study,plot H x one event during July 2010-November 2012 x mature secondary forest x felling/feeding-trial protocol,data/empirical/raw/redmond_2018_succession/DATA_MATRICES.zip,H_YAW_AWOL.txt,layers/R1/source_normalized_matrices/redmond_2018_succession/redmond_2018_plot_h.csv,layers/R2/binary_matrices/redmond_2018_plot_h.csv,30,55,70,513,544239bd436efedd20d1f03ec8ffb2cdbb0a7c2ce33e59ec07a12cc421fe0fc7,pending,,,verify source orientation; compare row and column taxa; compare positive-cell count and values; confirm blank/zero handling; confirm ecology boundary; recompute or spot-check the canonical edge hash,
saavedra_2018_late_a_2008,saavedra_2018_succession,saavedra_2018_succession,saavedra_2018_late_a_2008,E1,R2,two deterministic parser stress tests: minimum and maximum positive-link counts within study,late site A x rainy season 2008 x tropical dry forest x larval survey/rearing protocol,data/empirical/raw/saavedra_2018_succession/R-code_and_data.zip,R-code_and_data/data/late_A_8n.txt,layers/R1/source_normalized_matrices/saavedra_2018_succession/saavedra_2018_late_a_2008.csv,layers/R2/binary_matrices/saavedra_2018_late_a_2008.csv,40,553,78,247,f9484926ff5d535d1e82e54ffed23778c8a1273933db9e2703cc173c7d1fa87e,pending,,,verify source orientation; compare row and column taxa; compare positive-cell count and values; confirm blank/zero handling; confirm ecology boundary; recompute or spot-check the canonical edge hash,
saavedra_2018_middle_b_2007,saavedra_2018_succession,saavedra_2018_succession,saavedra_2018_middle_b_2007,E1,R2,two deterministic parser stress tests: minimum and maximum positive-link counts within study,middle site B x rainy season 2007 x tropical dry forest x larval survey/rearing protocol,data/empirical/raw/saavedra_2018_succession/R-code_and_data.zip,R-code_and_data/data/middle_B_7n.txt,layers/R1/source_normalized_matrices/saavedra_2018_succession/saavedra_2018_middle_b_2007.csv,layers/R2/binary_matrices/saavedra_2018_middle_b_2007.csv,28,552,15,23,6a52c4fa2e3a0262a85d0f9f5b09a806a1e5543b2e327de9a0bc2b17de46a704,pending,,,verify source orientation; compare row and column taxa; compare positive-cell count and values; confirm blank/zero handling; confirm ecology boundary; recompute or spot-check the canonical edge hash,
seifert_2021_lanzhot_czech_republic,seifert_2021_temperate,seifert_2021_temperate,seifert_2021_lanzhot_czech_republic,E0,R2,two deterministic parser stress tests: minimum and maximum positive-link counts within study,"Lanžhot, Czech Republic x 2013-05 to 2015-04 x temperate broadleaf forest x plot-based foliage collection/rearing protocol",data/empirical/raw/seifert_2021_temperate/Plant-caterpillar_interaction_matrices_of_temperate_broadleaf_forests.xlsx,Plant-caterpillar_interaction_matrices_of_temperate_broadleaf_forests.xlsx::Czech Republic-Lanžhot,layers/R1/source_normalized_matrices/seifert_2021_temperate/seifert_2021_lanzhot_czech_republic.csv,layers/R2/binary_matrices/seifert_2021_lanzhot_czech_republic.csv,8,107,351,8573,aefe52f77838256217aed0937868c4e64e88dbc8a3bbb76c5e89f68fbdc3d334,pending,,,verify source orientation; compare row and column taxa; compare positive-cell count and values; confirm blank/zero handling; confirm ecology boundary; recompute or spot-check the canonical edge hash,
seifert_2021_tomakomai_japan,seifert_2021_temperate,seifert_2021_temperate,seifert_2021_tomakomai_japan,E0,R2,two deterministic parser stress tests: minimum and maximum positive-link counts within study,"Tomakomai, Hokkaido, Japan x 2014-05 to 2015-07 x temperate broadleaf forest x plot-based foliage collection/rearing protocol",data/empirical/raw/seifert_2021_temperate/Plant-caterpillar_interaction_matrices_of_temperate_broadleaf_forests.xlsx,Plant-caterpillar_interaction_matrices_of_temperate_broadleaf_forests.xlsx::Japan-Tomakomai,layers/R1/source_normalized_matrices/seifert_2021_temperate/seifert_2021_tomakomai_japan.csv,layers/R2/binary_matrices/seifert_2021_tomakomai_japan.csv,20,148,718,15511,0b6aa9b1834d52909fe38af271891be5cbe7a6dd6f54f44c18bac57665895944,pending,,,verify source orientation; compare row and column taxa; compare positive-cell count and values; confirm blank/zero handling; confirm ecology boundary; recompute or spot-check the canonical edge hash,
shinohara_2020_site01_abandoned_fall,shinohara_2020_grassland,shinohara_2020_grassland,shinohara_2020_site01_abandoned_fall,E1,R2,two deterministic parser stress tests: minimum and maximum positive-link counts within study,site cluster 1 x abandoned plot x fall 2016 x semi-natural rice-field-edge grassland x direct feeding observation protocol,data/empirical/raw/shinohara_2020_grassland/Data_Interactions.csv,Data_Interactions.csv,layers/R1/source_normalized_matrices/shinohara_2020_grassland/shinohara_2020_site01_abandoned_fall.csv,layers/R2/binary_matrices/shinohara_2020_site01_abandoned_fall.csv,2,2,2,2,3e23e3aa0ca7bee2fbbbcb1c450908d9864746b3dba6101a1e5995a3026b43f8,pending,,,verify source orientation; compare row and column taxa; compare positive-cell count and values; confirm blank/zero handling; confirm ecology boundary; recompute or spot-check the canonical edge hash,
shinohara_2020_site03_extensively_managed_summer,shinohara_2020_grassland,shinohara_2020_grassland,shinohara_2020_site03_extensively_managed_summer,E1,R2,two deterministic parser stress tests: minimum and maximum positive-link counts within study,site cluster 3 x extensively managed plot x summer 2016 x semi-natural rice-field-edge grassland x direct feeding observation protocol,data/empirical/raw/shinohara_2020_grassland/Data_Interactions.csv,Data_Interactions.csv,layers/R1/source_normalized_matrices/shinohara_2020_grassland/shinohara_2020_site03_extensively_managed_summer.csv,layers/R2/binary_matrices/shinohara_2020_site03_extensively_managed_summer.csv,11,11,20,34,7bbd3c549a7faaed8ec8d1cb9ec563308bf6b684ec9946f7a07317152770e3f5,pending,,,verify source orientation; compare row and column taxa; compare positive-cell count and values; confirm blank/zero handling; confirm ecology boundary; recompute or spot-check the canonical edge hash,
sousa_lopes_2024_ccpiu_2016_2017,sousa_lopes_2024_cerrado,sousa_lopes_2024_cerrado,sousa_lopes_2024_ccpiu_2016_2017,E0,R2,only network in study,CCPIU reserve x October 2016-September 2017 x Brazilian Cerrado reserve mosaic x monthly tagged-plant inspection and host-structure rearing protocol,data/empirical/raw/sousa_lopes_2024_cerrado/Data_InsectsonFabaceae_EcologicalEntomology_2024_14out24.xls,Data_InsectsonFabaceae_EcologicalEntomology_2024_14out24.xls::Ecological Network,layers/R1/source_normalized_matrices/sousa_lopes_2024_cerrado/sousa_lopes_2024_ccpiu_2016_2017.csv,layers/R2/binary_matrices/sousa_lopes_2024_ccpiu_2016_2017.csv,5,87,94,1623,e0cb803283ecce1634a16da75a7e98534b146d00511cb2d138dd176838143140,pending,,,verify source orientation; compare row and column taxa; compare positive-cell count and values; confirm blank/zero handling; confirm ecology boundary; recompute or spot-check the canonical edge hash,
volf_2017_mikulcice_czech_republic_miners,volf_2017_temperate,volf_2017_temperate,volf_2017_mikulcice_czech_republic_miners,E1,R2,two deterministic parser stress tests: minimum and maximum positive-link counts within study,"Mikulčice, Czech Republic x late May to mid-July in 2013 and 2014 x deciduous lowland temperate forest x leaf miners protocol",data/empirical/raw/volf_2017_temperate/dryad_version_27919.zip,dryad_version_27919.zip::Insect_data_corrected_gallers.xlsx::Mikulcice_miners,layers/R1/source_normalized_matrices/volf_2017_temperate/volf_2017_mikulcice_czech_republic_miners.csv,layers/R2/binary_matrices/volf_2017_mikulcice_czech_republic_miners.csv,5,12,12,4763,e587293b035feb87145b1d7e1b25b8829a34a81b504435f95cbbdffaf37b77d3,pending,,,verify source orientation; compare row and column taxa; compare positive-cell count and values; confirm blank/zero handling; confirm ecology boundary; recompute or spot-check the canonical edge hash,
volf_2017_tomakomai_japan_chewers,volf_2017_temperate,volf_2017_temperate,volf_2017_tomakomai_japan_chewers,E1,R2,two deterministic parser stress tests: minimum and maximum positive-link counts within study,"Tomakomai, Hokkaido, Japan x mid-May to mid-June in 2013 and 2014 x deciduous lowland temperate forest x larval leaf chewers protocol",data/empirical/raw/volf_2017_temperate/dryad_version_27919.zip,dryad_version_27919.zip::Insect_data_corrected_gallers.xlsx::Tomakomai_chewers,layers/R1/source_normalized_matrices/volf_2017_temperate/volf_2017_tomakomai_japan_chewers.csv,layers/R2/binary_matrices/volf_2017_tomakomai_japan_chewers.csv,19,181,533,8707,fe48003fa5309c48b2d7f60dffef1826c6be31af604363571896bd3b203bdd94,pending,,,verify source orientation; compare row and column taxa; compare positive-cell count and values; confirm blank/zero handling; confirm ecology boundary; recompute or spot-check the canonical edge hash,
