ledger_key,object_type,study_id,candidate_id,source_id,citation,data_doi,methods_url,license,license_audit_status,network_count,evidence_classes,current_decision,decision_basis,audit_note_path,current_status,reviewer,review_date,review_checklist,notes
exclusion:C003,exclusion_or_deferral,,C003,bosc_2021_succession,"Bosc C, Pauw A (2020/2021)",10.5061/dryad.4xgxd256v,https://datadryad.org/dataset/doi:10.5061/dryad.4xgxd256v,CC0-1.0,verified_repository_policy,124,E2,exclude_from_direct_headline_retain_R3,feeding_not_confirmed: open source says herbivorous insects were collected on plants; it does not document feeding confirmation,concepts/empirical/bosc-2021-source-audit.md,pending,,,verify the cited source and accessible methods; verify the stated missing evidence or boundary; confirm that the decision is conservative and that no eligible direct ecology was silently discarded,
exclusion:C006,exclusion_or_deferral,,C006,lascaleia_2026_new_england,"LaScaleia MC, Elphick CS, Mickley JG, Singer MS, Wagner DL, Bagchi R (2026)",10.5061/dryad.8931zcs5z,https://doi.org/10.1002/oik.12223,CC0-1.0,verified_repository_policy,96,E2,exclude_from_direct_headline_retain_R3,"host_association_not_observation_level_feeding: caterpillars were recovered by standardized branch striking and the plant was recorded as host; expert non-host encounters were discarded, but active feeding was not documented for each retained observation",concepts/empirical/lascaleia-2026-source-audit.md,pending,,,verify the cited source and accessible methods; verify the stated missing evidence or boundary; confirm that the decision is conservative and that no eligible direct ecology was silently discarded,
exclusion:C014,exclusion_or_deferral,,C014,zhang_2025_china_candidate,"Zhang L-J, Hembry DH, Hao K, Wu Y-H, Yao G, Sun Q-L, Liu T-T, Luo S-X (2025)",10.5061/dryad.3bk3j9kx6,https://doi.org/10.1098/rspb.2025.0926,CC0-1.0,verified_repository_policy,8,prospective E0 pending open field methods,defer_direct_ingestion_pending_open_methods,"sampling_boundary_and_feeding_protocol_not_openly_reconstructable: the CC0 raw package is complete and eight site matrices reconcile, but the openly accessible records do not provide sampling dates or window, site habitat, or the complete field collection and rearing protocol; general Epicephala seed-feeding biology is insufficient to substitute for observation-level methods, and the Hainan, continent, and China sums are excluded from local-ecology counts",concepts/empirical/zhang-2025-source-audit.md,pending,,,verify the cited source and accessible methods; verify the stated missing evidence or boundary; confirm that the decision is conservative and that no eligible direct ecology was silently discarded,
exclusion:C015,exclusion_or_deferral,,C015,maunsell_2015_elevation_candidate,Maunsell SC et al. (2015; companion studies 2016),10.5061/dryad.352q6,https://doi.org/10.1111/1365-2656.12285; https://doi.org/10.1111/aec.12339; https://doi.org/10.1111/aen.12252,CC0-1.0 for Dryad data; ORA terms for companion files,verified_mixed_terms_restricted_companions_manifest_only,12,"prospective E2, not E3",exclude_from_direct_headline_retain_E2_derivation_candidate,"site_specific_plant_herbivore_edges_not_released: the acquired Dryad workbook contains twelve local leaf-miner--parasitoid matrices and local cover values for plants known to host miners somewhere in the study, but no site-specific plant--leaf-miner edge table; the companion host table is regional, so intersecting it with local plant and miner occurrence would create locally filtered inferred E2 networks rather than direct E0/E1 observations; the separate translocation experiment is excluded",concepts/empirical/maunsell-2015-source-audit.md,pending,,,verify the cited source and accessible methods; verify the stated missing evidence or boundary; confirm that the decision is conservative and that no eligible direct ecology was silently discarded,
exclusion:C016,exclusion_or_deferral,,C016,nyman_2015_willow_gallers_candidate,"Nyman T, Leppänen SA, Várkonyi G, et al. (2015)",10.5061/dryad.km75s,https://doi.org/10.1111/mec.13369,CC0-1.0,verified_repository_policy,0,X source-level evidence; not E0/E1 or E3,exclude_from_direct_and_derived_network_layers_retain_source_provenance,"population_samples_not_plant_herbivore_community_networks: the 22 released rows each identify one galler--willow population sample at one location, while the numeric matrix records parasitoid species counts; grouping the sample-defining positive target links by location or habitat would impose analyst-defined boundaries and unsupported sampled or structural zeros, so these objects are not E0/E1 networks and are not an E3 extraction from a bounded broader community web",concepts/empirical/nyman-2015-source-audit.md,pending,,,verify the cited source and accessible methods; verify the stated missing evidence or boundary; confirm that the decision is conservative and that no eligible direct ecology was silently discarded,
exclusion:C018,exclusion_or_deferral,,C018,woodcock_2026_woodlands,Woodcock et al.,10.5281/zenodo.17477386,,not_registered,not_registered_as_release_source,60,E2,exclude_from_direct_headline_retain_R3_candidate,feeding_assumed_from_plant_capture: the open article states that phytophagous insects collected from a sampled tree were assumed to feed on that tree; the 60 positive-edge site networks therefore remain E2,concepts/empirical/woodcock-2026-source-audit.md,pending,,,verify the cited source and accessible methods; verify the stated missing evidence or boundary; confirm that the decision is conservative and that no eligible direct ecology was silently discarded,
exclusion:C019,exclusion_or_deferral,,C019,araujo_2019_cerrado_galls,Araújo et al.,10.3390/plants8100369,,not_registered,not_registered_as_release_source,15,E0 pending corrected raw data,defer_direct_ingestion_pending_corrected_raw_data,"published_raw_file_fails_source_reconciliation: diagnostic galls and field boundaries support E0, but the supplementary CSV contains 14 embedded header rows and its cleaned 62 plant taxa, 110 gall taxa, and 261 links do not reproduce the article's 64, 112, or stated local-link range",concepts/empirical/araujo-2019-source-audit.md,pending,,,verify the cited source and accessible methods; verify the stated missing evidence or boundary; confirm that the decision is conservative and that no eligible direct ecology was silently discarded,
exclusion:C020,exclusion_or_deferral,,C020,oliveira_2020_cerrado_guilds,Oliveira et al.,10.1111/een.12808,,not_registered,not_registered_as_release_source,18,E0 gall subset; E2 capture subsets pending methods,defer_pending_open_data_and_methods_reconstruction,"site_level_edges_and_evidence_methods_unresolved: the article reports 18 site-by-guild networks, but the accessible supplement description is a checklist and direct-download attempts did not yield reconstructable site-level interactions; galling, sucking, and chewing evidence must be screened separately",concepts/empirical/oliveira-2020-source-audit.md,pending,,,verify the cited source and accessible methods; verify the stated missing evidence or boundary; confirm that the decision is conservative and that no eligible direct ecology was silently discarded,
exclusion:C021,exclusion_or_deferral,,C021,macfadyen_2009_farms,Macfadyen et al.,10.5061/dryad.5fr85,,not_registered,not_registered_as_release_source,20,E2,exclude_from_direct_headline_retain_R3_candidate,mixed_observed_and_inferred_host_assignments: open methods state that some plant hosts were resolved using literature records and that generalists could be assigned randomly to a plausible plant; the released interaction rows do not preserve observation-level evidence method,concepts/empirical/macfadyen-2009-source-audit.md,pending,,,verify the cited source and accessible methods; verify the stated missing evidence or boundary; confirm that the decision is conservative and that no eligible direct ecology was silently discarded,
study:bosc_2021_succession,included_study,bosc_2021_succession,,bosc_2021_succession,"Bosc C, Pauw A (2020/2021)",10.5061/dryad.4xgxd256v,https://datadryad.org/dataset/doi:10.5061/dryad.4xgxd256v,CC0-1.0,verified_repository_policy,124,E2,derived_only_pending_feeding_confirmation,"herbivorous insects collected on plant species; feeding not explicitly confirmed in open methods; field-bounded matrices retained, but open documentation does not distinguish feeding from plant association",concepts/empirical/bosc-2021-source-audit.md,pending,,,"verify original study identity and boundary; verify field status, plant and arthropod roles, interaction evidence class, dependence grouping, open methods, provenance, and reuse terms",
study:lascaleia_2026_new_england,included_study,lascaleia_2026_new_england,,lascaleia_2026_new_england,"LaScaleia MC, Elphick CS, Mickley JG, Singer MS, Wagner DL, Bagchi R (2026)",10.5061/dryad.8931zcs5z,https://doi.org/10.1002/oik.12223,CC0-1.0,verified_repository_policy,96,E2,derived_only_host_association,"caterpillars recovered by standardized branch striking; plants recorded as hosts and expert non-host encounters discarded, but active feeding was not documented per observation; standardized branch-strike records and expert host filtering support local association, but active feeding was not documented per observation",concepts/empirical/lascaleia-2026-source-audit.md,pending,,,"verify original study identity and boundary; verify field status, plant and arthropod roles, interaction evidence class, dependence grouping, open methods, provenance, and reuse terms",
study:martins_2020_cerrado,included_study,martins_2020_cerrado,,martins_2020_cerrado,"Martins LP, Medina AM, Lewinsohn TM, Almeida-Neto M (2020)",10.5061/dryad.vmcvdncq0,https://datadryad.org/dataset/doi:10.5061/dryad.vmcvdncq0,CC0-1.0,verified_repository_policy,30,E1,provisionally_eligible_direct,adult endophagous herbivores reared from sampled Asteraceae flower heads; passes primary technical screen; second review pending,concepts/empirical/martins-2020-source-audit.md,pending,,,"verify original study identity and boundary; verify field status, plant and arthropod roles, interaction evidence class, dependence grouping, open methods, provenance, and reuse terms",
study:pocock_2012_norwood,included_study,pocock_2012_norwood,,pocock_2012_norwood,"Pocock MJO, Evans DM, Memmott J (2012)",10.5061/dryad.3s36r118,https://nora.nerc.ac.uk/id/eprint/17964/2/N017964PPX.pdf,CC0-1.0,verified_repository_policy,2,E0,provisionally_eligible_direct,aphid colonies observed on plants during field transects; insect seed feeders emerged from collected berries and seed heads; passes primary technical screen; second review pending,concepts/empirical/pocock-2012-source-audit.md,pending,,,"verify original study identity and boundary; verify field status, plant and arthropod roles, interaction evidence class, dependence grouping, open methods, provenance, and reuse terms",
study:redmond_2018_succession,included_study,redmond_2018_succession,,redmond_2018_succession,Redmond CM et al. (2018),10.5061/dryad.bh2rc50,https://centaur.reading.ac.uk/96876/1/ecog.03849.pdf,CC0-1.0,verified_repository_policy,9,E0,provisionally_eligible_direct,live caterpillars on felled trees; trophic links confirmed with 24-hour no-choice feeding trials; passes primary technical screen; second review pending,concepts/empirical/redmond-2018-source-audit.md,pending,,,"verify original study identity and boundary; verify field status, plant and arthropod roles, interaction evidence class, dependence grouping, open methods, provenance, and reuse terms",
study:saavedra_2018_succession,included_study,saavedra_2018_succession,,saavedra_2018_succession,"Saavedra S, Cenci S, del-Val E, Boege K, Rohr RP (2018)",10.5061/dryad.5h187,https://www.unifr.ch/bio/en/assets/public/Research/Rudolf-Rohr/2017_JAE_Saavedra_et_al.pdf,CC0-1.0,verified_repository_policy,36,E1,provisionally_eligible_direct,field-collected lepidopteran larvae reared to confirm trophic interactions; passes primary technical screen; second review pending,concepts/empirical/saavedra-2018-source-audit.md,pending,,,"verify original study identity and boundary; verify field status, plant and arthropod roles, interaction evidence class, dependence grouping, open methods, provenance, and reuse terms",
study:seifert_2021_temperate,included_study,seifert_2021_temperate,,seifert_2021_temperate,Seifert CL et al. (2021),10.5061/dryad.dv41ns1w6,https://datadryad.org/dataset/doi:10.5061/dryad.dv41ns1w6,CC0-1.0,verified_repository_policy,3,E0,provisionally_eligible_direct,"folivorous caterpillars collected from host-tree foliage, assigned unique records, reared, identified, and DNA-barcode verified; passes primary technical screen; second review pending",concepts/empirical/seifert-2021-source-audit.md,pending,,,"verify original study identity and boundary; verify field status, plant and arthropod roles, interaction evidence class, dependence grouping, open methods, provenance, and reuse terms",
study:shinohara_2020_grassland,included_study,shinohara_2020_grassland,,shinohara_2020_grassland,"Shinohara N, Uchida K, Yoshida T (2019)",10.6084/m9.figshare.10000352.v1,https://pmc.ncbi.nlm.nih.gov/articles/PMC6912900/,CC-BY-4.0,verified_repository_item_metadata,36,E1,provisionally_eligible_direct,insects counted only while directly observed consuming leaves or stems of an identified plant; passes primary technical screen; second review pending,concepts/empirical/shinohara-2020-source-audit.md,pending,,,"verify original study identity and boundary; verify field status, plant and arthropod roles, interaction evidence class, dependence grouping, open methods, provenance, and reuse terms",
study:sousa_lopes_2024_cerrado,included_study,sousa_lopes_2024_cerrado,,sousa_lopes_2024_cerrado,"Sousa-Lopes B, Del-Claro K (2024)",10.5061/dryad.zw3r228hj,https://datadryad.org/dataset/doi:10.5061/dryad.zw3r228hj,CC0-1.0,verified_repository_policy,1,E0,provisionally_eligible_direct,insects retained as true herbivores only when observed feeding on plant structures in the field or laboratory; internal fruit and seed herbivores reared on the collected host structure; passes primary technical screen; second review pending,concepts/empirical/sousa-lopes-2024-source-audit.md,pending,,,"verify original study identity and boundary; verify field status, plant and arthropod roles, interaction evidence class, dependence grouping, open methods, provenance, and reuse terms",
study:volf_2017_temperate,included_study,volf_2017_temperate,,volf_2017_temperate,Volf M et al. (2017),10.5061/dryad.818ms,https://besjournals.onlinelibrary.wiley.com/doi/10.1111/1365-2656.12646,CC0-1.0,verified_repository_policy,9,E1,provisionally_eligible_direct,"leaf-chewing larvae collected and reared; mines and galls diagnosed from feeding structures, host records, rearing, dissection, and specialist identification; passes primary technical screen; second review pending",concepts/empirical/volf-2017-source-audit.md,pending,,,"verify original study identity and boundary; verify field status, plant and arthropod roles, interaction evidence class, dependence grouping, open methods, provenance, and reuse terms",
